metric,value
R²,0.8898221489536301
MAE,59299.068494450934
Max Error,708366.75
Медианная абсолютная процентная ошибка,12.452701284580609
MSE,8227318899.099485
