metric,value
R²,0.8910344069150387
MAE,59350.235736711445
Max Error,681812.625
Медианная абсолютная процентная ошибка,12.499140434426714
MSE,8136795869.817648
